{"accuracy": [0.1465, 0.236, 0.3389, 0.4359, 0.5026, 0.6339047619047632, 0.6631746031746041, 0.7047619047619055, 0.7066031746031739, 0.7253968253968243, 0.7406349206349194, 0.7518095238095237, 0.7668888888888885, 0.7793968253968242, 0.7876825396825379, 0.7968888888888876, 0.8006031746031709, 0.8089523809523804, 0.817777777777775, 0.8213968253968226, 0.8275238095238088, 0.8359682539682513, 0.8399365079365073, 0.8422539682539683, 0.8492698412698418, 0.8548571428571431, 0.8602857142857138, 0.8663174603174609, 0.8699365079365105, 0.8726666666666687, 0.8751111111111135, 0.8795555555555573, 0.8838412698412735, 0.8869523809523859, 0.8880317460317483, 0.8874603174603212, 0.8968253968254003, 0.8946349206349256, 0.8982857142857201, 0.899873015873021, 0.9025079365079415, 0.910190476190483, 0.9125396825396916, 0.9145714285714376, 0.9193650793650895, 0.919365079365087, 0.9227936507936614, 0.9272063492063607, 0.9295238095238196, 0.9293015873015973, 0.9320952380952481], "loss": [2.9497, 2.6153, 2.2038, 1.8312, 1.5992, 1.1523468421565162, 1.059366743583528, 0.9115517199323291, 0.9164888572692871, 0.8489222167597876, 0.8001705924859123, 0.7536699383410197, 0.7166944743905749, 0.6804440457953347, 0.6465890917229274, 0.6211385309790808, 0.604774100806505, 0.5747473542510517, 0.5535327682892481, 0.5299149377100051, 0.524191121716821, 0.4924248306098438, 0.48018291065617213, 0.4647470557287572, 0.4485472922618427, 0.4335442983039788, 0.4143710551209866, 0.39898801922325106, 0.3830673495479046, 0.37534411896079306, 0.3680411882473836, 0.35116303313582664, 0.3403766940877078, 0.3282127472344372, 0.3262930170162803, 0.3290405251487853, 0.3083218038212212, 0.31086832145495075, 0.2962710949660294, 0.29439075778489787, 0.28158548625038254, 0.2617138063121173, 0.2537575518854317, 0.24807085804227325, 0.2325769005012181, 0.22962731603000847, 0.22232912067412622, 0.21162965501850797, 0.20467446076461956, 0.20406237151089404, 0.19571733534454352]}