{"accuracy": [0.1262, 0.2182, 0.2447, 0.4017, 0.4114, 0.5402857142857153, 0.5988571428571428, 0.5839999999999997, 0.6066666666666669, 0.6593333333333332, 0.6504761904761907, 0.6369523809523806, 0.6486666666666667, 0.6279047619047623, 0.6517142857142846, 0.6245714285714282, 0.684571428571428, 0.6569523809523814, 0.6722857142857143, 0.6598095238095235, 0.6463809523809523, 0.6535238095238092, 0.6699999999999998, 0.6501904761904757, 0.6634285714285717, 0.6535238095238084, 0.6804761904761903, 0.6708571428571426, 0.6923809523809518, 0.675904761904762, 0.6820000000000004, 0.6586666666666662, 0.6789523809523809, 0.6861904761904756, 0.6674285714285708, 0.6733333333333335, 0.6636190476190479, 0.6584761904761891, 0.6530476190476188, 0.6964761904761909, 0.6266666666666663, 0.6648571428571427, 0.6603809523809527, 0.6675238095238094, 0.6787619047619053, 0.6499047619047621, 0.6681904761904763, 0.649904761904761, 0.6633333333333331, 0.6826666666666666, 0.6537142857142862], "loss": [3.8929, 3.4912, 3.9196, 2.7607, 2.6607, 1.7558916016987391, 1.5884128417287553, 1.8663757858957564, 1.968272500038147, 1.6653483991963522, 1.7778918634142193, 2.08176787404787, 2.0637503258387246, 2.1336559514772326, 2.2439733019329253, 2.1662625899201347, 1.5342947464046024, 1.8420041043985458, 1.9310678302674067, 2.1419971288953508, 2.041314852691832, 1.8513016278970809, 2.1371710431859605, 2.072385712862015, 2.032819858108248, 2.3436850388560977, 2.283830557777768, 2.28462645695323, 2.214774308261417, 2.0747222606341045, 1.9204233788024812, 2.250789488525618, 2.08293089506172, 2.1288464537972493, 2.4452160793400948, 2.6219258052394503, 2.351051951135908, 2.3846970157963887, 2.1596132688295273, 2.240954629409881, 2.5351362845443544, 2.2197412232557934, 2.401030746982211, 2.591432131472088, 2.4196482362065996, 2.687077077797481, 2.4921222569828942, 2.928014612027577, 2.5292349821612947, 2.3200878298850287, 2.7567159974291213]}